threshold,validation_positive_percent,test_positive_percent,validation_accuracy,validation_precision,validation_recall,validation_f1
0.1,100.0,100.0,0.40669014084507044,0.40669014084507044,1.0,0.5782227784730913
0.2,100.0,100.0,0.40669014084507044,0.40669014084507044,1.0,0.5782227784730913
0.3,100.0,100.0,0.40669014084507044,0.40669014084507044,1.0,0.5782227784730913
0.35,100.0,100.0,0.40669014084507044,0.40669014084507044,1.0,0.5782227784730913
0.4,97.35915492957746,98.50187265917603,0.41901408450704225,0.4104882459312839,0.9826839826839827,0.5790816326530612
0.45,37.5,38.764044943820224,0.545774647887324,0.43661971830985913,0.4025974025974026,0.4189189189189189
0.5,0.0,0.0,0.5933098591549296,0.0,0.0,0.0
0.55,0.0,0.0,0.5933098591549296,0.0,0.0,0.0
0.6,0.0,0.0,0.5933098591549296,0.0,0.0,0.0
0.7,0.0,0.0,0.5933098591549296,0.0,0.0,0.0
0.8,0.0,0.0,0.5933098591549296,0.0,0.0,0.0
0.9,0.0,0.0,0.5933098591549296,0.0,0.0,0.0
